iter	Logloss
0	0.6681255098
1	0.6535497333
2	0.6452663092
3	0.6420222988
4	0.6089934966
5	0.5845084364
6	0.5685848932
7	0.5633686294
8	0.5577164125
9	0.5548799418
